Category,Item,Calories,Total Fat (g),Saturated Fat (g),Trans Fat (g),Cholesterol (mg),Sodium (mg),Carbs (g),Fiber (g),Sugars (g),Protein (g),Weight Watcher Pnts
Cold Brew Coffee,"Cold Brew Coffee, Large",5,0.0,0.0,0.0,0,20,0,0,0,1,4.0
Cold Brew Coffee,"Cold Brew Coffee, Medium",5,0.0,0.0,0.0,0,15,0,0,0,0,5.0
Cold Brew Coffee,"Cold Brew Coffee, Small",5,0.0,0.0,0.0,0,10,0,0,0,0,5.0
Cold Brew Coffee,"Cold Brew Coffee with Cream, Large",120,12.0,6.0,0.0,35,65,2,0,2,2,126.0
Cold Brew Coffee,"Cold Brew Coffee with Cream, Medium",90,9.0,4.5,0.0,25,45,1,0,1,2,93.5
Cold Brew Coffee,"Cold Brew Coffee with Cream, Small",60,6.0,3.0,0.0,20,30,1,0,1,1,63.0
Cold Brew Coffee,"Cold Brew Coffee with Cream and Sugar, Large",260,12.0,6.0,0.0,35,65,37,0,36,2,300.0
Cold Brew Coffee,"Cold Brew Coffee with Cream and Sugar, Medium",190,9.0,4.5,0.0,25,45,27,0,27,2,219.5
Cold Brew Coffee,"Cold Brew Coffee with Cream and Sugar, Small",130,6.0,3.0,0.0,20,30,18,0,18,1,150.0
Cold Brew Coffee,"Nitro Cold Brew Coffee, Medium",5,0.0,0.0,0.0,0,10,0,0,0,1,4.0
Cold Brew Coffee,"Nitro Cold Brew Coffee, Small",5,0.0,0.0,0.0,0,5,0,0,0,0,5.0
Coolatta,"Blue Raspberry Coolatta, Large",460,0.0,0.0,0.0,0,60,112,0,110,0,570.0
Coolatta,"Blue Raspberry Coolatta, Medium",350,0.0,0.0,0.0,0,45,84,0,83,0,433.0
Coolatta,"Blue Raspberry Coolatta, Small",230,0.0,0.0,0.0,0,30,56,0,55,0,285.0
Coolatta,"Vanilla Bean Coolatta, Large",790,6.0,3.5,0.0,20,320,172,0,167,10,950.5
Coolatta,"Vanilla Bean Coolatta, Medium",590,4.5,2.5,0.0,15,240,129,0,125,7,710.5
Coolatta,"Vanilla Bean Coolatta, Small",390,3.0,1.5,0.0,10,160,86,0,83,5,469.5
Coolatta,"Pineapple Coolatta, Large",460,0.0,0.0,0.0,0,45,113,0,107,0,567.0
Coolatta,"Pineapple Coolatta, Medium",340,0.0,0.0,0.0,0,30,85,0,80,0,420.0
Coolatta,"Pineapple Coolatta, Small",230,0.0,0.0,0.0,0,20,56,0,53,0,283.0
Frozen Coffee,"Caramel Swirl Frozen Coffee with Cream, Large",1120,40.0,22.0,1.5,130,290,180,0,172,10,1304.0
Frozen Coffee,"Caramel Swirl Frozen Coffee with Cream, Medium",860,31.0,17.0,1.0,100,220,139,0,132,8,1001.0
Frozen Coffee,"Caramel Swirl Frozen Coffee with Cream, Small",610,22.0,12.0,0.5,70,160,97,0,92,6,708.0
Frozen Coffee,"Caramel Swirl Frozen Coffee with Skim Milk, Large",830,5.0,3.5,0.0,25,240,184,0,176,11,998.5
Frozen Coffee,"Caramel Swirl Frozen Coffee with Skim Milk, Medium",650,4.5,3.0,0.0,25,180,142,0,135,9,779.0
Frozen Coffee,"Caramel Swirl Frozen Coffee with Skim Milk, Small",470,4.5,3.0,0.0,20,130,99,0,94,6,561.0
Frozen Coffee,"Caramel Swirl Frozen Coffee with Whole Milk, Large",880,11.0,7.0,0.0,40,240,184,0,175,11,1051.0
Frozen Coffee,"Caramel Swirl Frozen Coffee with Whole Milk, Medium",680,9.0,6.0,0.0,35,180,141,0,134,8,812.0
Frozen Coffee,"Caramel Swirl Frozen Coffee with Whole Milk, Small",490,8.0,4.5,0.0,30,130,99,0,94,6,582.5
Frozen Coffee,"French Vanilla Swirl Frozen Coffee with Cream, Large",1110,40.0,22.0,1.5,130,280,180,0,169,10,1291.0
Frozen Coffee,"French Vanilla Swirl Frozen Coffee with Cream, Medium",860,31.0,17.0,1.0,100,220,138,0,130,8,999.0
Frozen Coffee,"French Vanilla Swirl Frozen Coffee with Cream, Small",610,22.0,12.0,0.5,70,150,97,0,91,6,707.0
Frozen Coffee,"French Vanilla Swirl Frozen Coffee with Skim Milk, Large",830,5.0,3.5,0.0,25,230,184,0,173,11,995.5
Frozen Coffee,"French Vanilla Swirl Frozen Coffee with Skim Milk, Medium",640,4.5,3.0,0.0,20,180,141,0,133,9,767.0
Frozen Coffee,"French Vanilla Swirl Frozen Coffee with Skim Milk, Small",460,4.5,3.0,0.0,20,125,99,0,93,6,550.0
Frozen Coffee,"French Vanilla Swirl Frozen Coffee with Whole Milk, Large",880,11.0,7.0,0.0,40,230,183,0,173,11,1049.0
Frozen Coffee,"French Vanilla Swirl Frozen Coffee with Whole Milk, Medium",680,9.0,6.0,0.0,35,180,141,0,132,8,810.0
Frozen Coffee,"French Vanilla Swirl Frozen Coffee with Whole Milk, Small",490,8.0,4.5,0.0,30,125,99,0,92,6,580.5
Frozen Coffee,"Frozen Coffee with Cream, Large",780,35.0,18.0,1.0,105,200,113,0,108,7,899.0
Frozen Coffee,"Frozen Coffee with Cream, Medium",590,26.0,14.0,1.0,80,150,85,0,81,5,680.0
Frozen Coffee,"Frozen Coffee with Cream, Small",390,17.0,9.0,0.5,55,100,57,0,54,3,450.0
Frozen Coffee,"Frozen Coffee with Skim Milk, Large",500,0.0,0.0,0.0,5,150,117,0,112,8,604.0
Frozen Coffee,"Frozen Coffee with Skim Milk, Medium",370,0.0,0.0,0.0,5,115,88,0,84,6,448.0
Frozen Coffee,"Frozen Coffee with Skim Milk, Small",250,0.0,0.0,0.0,0,75,59,0,56,4,302.0
Frozen Coffee,"Frozen Coffee with Whole Milk, Large",550,6.0,3.5,0.0,20,150,117,0,111,7,657.5
Frozen Coffee,"Frozen Coffee with Whole Milk, Medium",410,4.5,2.5,0.0,15,115,88,0,84,5,491.5
Frozen Coffee,"Frozen Dunkaccino, Large",930,22.0,15.0,0.0,40,350,177,3,159,10,1094.0
Frozen Coffee,"Frozen Dunkaccino, Medium",710,17.0,12.0,0.0,35,260,134,3,119,8,833.0
Frozen Coffee,"Frozen Dunkaccino, Small",510,13.0,9.0,0.0,25,180,94,2,83,5,597.0
Frozen Coffee,"Frozen Vanilla Chai/Vanilla Spice, Large",790,14.0,10.0,0.0,20,240,160,0,151,9,942.0
Frozen Coffee,"Frozen Vanilla Chai/Vanilla Spice, Medium",590,10.0,7.0,0.0,15,180,120,0,113,7,703.0
Frozen Coffee,"Frozen Vanilla Chai/Vanilla Spice, Small",400,7.0,5.0,0.0,10,120,80,0,75,4,476.0
Frozen Coffee,"Butter Pecan Swirl Frozen Coffee with Cream, Large",1160,40.0,22.0,1.5,125,480,191,0,181,11,1352.0
Frozen Coffee,"Butter Pecan Swirl Frozen Coffee with Cream, Medium",890,31.0,17.0,1.0,100,370,147,0,139,8,1038.0
Frozen Coffee,"Butter Pecan Swirl Frozen Coffee with Cream, Small",630,22.0,12.0,0.5,70,250,103,0,97,6,733.0
Frozen Coffee,"Butter Pecan Swirl Frozen Coffee with Skim Milk, Large",880,5.0,3.5,0.0,25,430,195,0,185,12,1056.5
Frozen Coffee,"Butter Pecan Swirl Frozen Coffee with Skim Milk, Medium",680,5.0,3.0,0.0,20,330,150,0,142,9,816.0
Frozen Coffee,"Butter Pecan Swirl Frozen Coffee with Skim Milk, Small",490,4.5,3.0,0.0,20,220,105,0,99,6,586.0
Frozen Coffee,"Butter Pecan Swirl Frozen Coffee with Whole Milk, Large",930,11.0,7.0,0.0,40,430,195,0,185,11,1111.0
Frozen Coffee,"Butter Pecan Swirl Frozen Coffee with Whole Milk, Medium",720,9.0,6.0,0.0,30,330,150,0,142,9,859.0
Frozen Coffee,"Butter Pecan Swirl Frozen Coffee with Whole Milk, Small",510,8.0,4.5,0.0,25,220,105,0,98,6,606.5
Frozen Coffee,"Frozen Matcha Latte with Skim Milk, Large",480,0.0,0.0,0.0,5,95,111,2,109,8,581.0
Frozen Coffee,"Frozen Matcha Latte with Skim Milk, Medium",360,0.0,0.0,0.0,5,70,83,1,82,6,436.0
Frozen Coffee,"Frozen Matcha Latte with Skim Milk, Small",240,0.0,0.0,0.0,0,50,55,1,54,4,290.0
Frozen Coffee,"Frozen Matcha Latte with Whole Milk, Large",530,6.0,3.5,0.0,20,95,110,2,109,8,634.5
Frozen Coffee,"Frozen Matcha Latte with Whole Milk, Medium",390,4.5,2.5,0.0,15,75,83,1,81,6,467.5
Frozen Coffee,"Frozen Matcha Latte with Whole Milk, Small",260,3.0,1.5,0.0,10,50,55,1,54,4,311.5
Hot Americano,"Americano, Large",10,0.0,0.0,0.0,0,30,2,0,0,0,10.0
Hot Americano,"Americano, Medium",10,0.0,0.0,0.0,0,25,2,0,0,0,10.0
Hot Americano,"Americano, Small",5,0.0,0.0,0.0,0,15,1,0,0,0,5.0
Hot Cappuccino,"Cappuccino with Skim Milk, Large",90,0.0,0.0,0.0,5,115,13,0,12,8,94.0
Hot Cappuccino,"Cappuccino with Skim Milk, Medium",70,0.0,0.0,0.0,5,85,10,0,9,6,73.0
Hot Cappuccino,"Cappuccino with Skim Milk, Small",45,0.0,0.0,0.0,0,55,7,0,6,4,47.0
Hot Cappuccino,"Cappuccino with Skim Milk and Sugar, Large",230,0.0,0.0,0.0,5,115,48,0,47,8,269.0
Hot Cappuccino,"Cappuccino with Skim Milk and Sugar, Medium",170,0.0,0.0,0.0,5,85,36,0,35,6,199.0
Hot Cappuccino,"Cappuccino with Skim Milk and Sugar, Small",110,0.0,0.0,0.0,0,55,24,0,23,4,129.0
Hot Cappuccino,"Cappuccino with Whole Milk, Large",160,8.0,4.5,0.0,25,115,13,0,12,8,168.5
Hot Cappuccino,"Cappuccino with Whole Milk, Medium",120,6.0,3.5,0.0,20,85,10,0,9,6,126.5
Hot Cappuccino,"Cappuccino with Whole Milk, Small",80,4.0,2.5,0.0,10,60,7,0,6,4,84.5
Hot Cappuccino,"Cappuccino with Whole Milk and Sugar, Large",290,8.0,4.5,0.0,25,115,48,0,46,8,332.5
Hot Cappuccino,"Cappuccino with Whole Milk and Sugar, Medium",220,6.0,3.5,0.0,20,85,36,0,35,6,252.5
Hot Cappuccino,"Cappuccino with Whole Milk and Sugar, Small",150,4.0,2.5,0.0,10,60,24,0,23,4,171.5
Hot Cappuccino,"Caramel Swirl Hot Cappuccino with Skim Milk, Large",310,0.0,0.0,0.0,10,180,65,0,63,11,362.0
Hot Cappuccino,"Caramel Swirl Hot Cappuccino with Skim Milk, Medium",230,0.0,0.0,0.0,5,135,49,0,47,8,269.0
Hot Cappuccino,"Caramel Swirl Hot Cappuccino with Skim Milk, Small",160,0.0,0.0,0.0,5,90,33,0,32,6,186.0
Hot Cappuccino,"Caramel Swirl Hot Cappuccino with Whole Milk, Large",380,8.0,4.5,0.0,30,180,65,0,63,11,436.5
Hot Cappuccino,"Caramel Swirl Hot Cappuccino with Whole Milk, Medium",280,6.0,3.5,0.0,20,135,48,0,47,8,322.5
Hot Cappuccino,"Caramel Swirl Hot Cappuccino with Whole Milk, Small",190,4.0,2.5,0.0,15,90,32,0,31,5,218.5
Hot Cappuccino,"French Vanilla Swirl Hot Cappuccino with Skim Milk, Large",310,0.0,0.0,0.0,10,170,65,0,61,11,360.0
Hot Cappuccino,"French Vanilla Swirl Hot Cappuccino with Skim Milk, Medium",230,0.0,0.0,0.0,5,130,48,0,46,8,268.0
Hot Cappuccino,"French Vanilla Swirl Hot Cappuccino with Skim Milk, Small",150,0.0,0.0,0.0,5,85,32,0,30,5,175.0
Hot Cappuccino,"French Vanilla Swirl Hot Cappuccino with Whole Milk, Large",370,8.0,4.5,0.0,30,170,64,0,60,10,424.5
Hot Cappuccino,"French Vanilla Swirl Hot Cappuccino with Whole Milk, Medium",280,6.0,3.5,0.0,20,130,48,0,45,8,320.5
Hot Cappuccino,"French Vanilla Swirl Hot Cappuccino with Whole Milk, Small",190,4.0,2.5,0.0,15,85,32,0,30,5,217.5
Hot Cappuccino,"Hazelnut Swirl Hot Cappuccino with Skim Milk, Large",310,0.0,0.0,0.0,10,170,65,0,61,11,360.0
Hot Cappuccino,"Hazelnut Swirl Hot Cappuccino with Skim Milk, Medium",230,0.0,0.0,0.0,5,130,49,0,46,8,268.0
Hot Cappuccino,"Hazelnut Swirl Hot Cappuccino with Skim Milk, Small",150,0.0,0.0,0.0,5,85,32,0,30,5,175.0
Hot Cappuccino,"Hazelnut Swirl Hot Cappuccino with Whole Milk, Large",370,8.0,4.5,0.0,30,170,64,0,60,10,424.5
Hot Cappuccino,"Hazelnut Swirl Hot Cappuccino with Whole Milk, Medium",280,6.0,3.5,0.0,20,130,48,0,45,8,320.5
Hot Cappuccino,"Hazelnut Swirl Hot Cappuccino with Whole Milk, Small",190,4.0,2.5,0.0,15,85,32,0,30,5,217.5
Hot Cappuccino,"Mocha Swirl Hot Cappuccino with Skim Milk, Large",300,1.0,0.5,0.0,5,140,64,2,58,10,348.5
Hot Cappuccino,"Mocha Swirl Hot Cappuccino with Skim Milk, Medium",220,1.0,0.5,0.0,5,105,48,2,43,7,256.5
Hot Cappuccino,"Mocha Swirl Hot Cappuccino with Skim Milk, Small",150,0.5,0.0,0.0,0,70,32,1,29,5,174.0
Hot Cappuccino,"Mocha Swirl Hot Cappuccino with Whole Milk, Large",360,9.0,5.0,0.0,25,140,63,2,57,9,413.0
Hot Cappuccino,"Mocha Swirl Hot Cappuccino with Whole Milk, Medium",270,7.0,4.0,0.0,20,110,48,2,43,7,310.0
Hot Cappuccino,"Mocha Swirl Hot Cappuccino with Whole Milk, Small",180,4.5,2.5,0.0,10,70,32,1,29,5,206.5
Hot Cappuccino,"Butter Pecan Swirl Hot Cappuccino with Skim Milk, Large",310,0.0,0.0,0.0,5,370,64,0,60,11,359.0
Hot Cappuccino,"Butter Pecan Swirl Hot Cappuccino with Skim Milk, Medium",230,0.0,0.0,0.0,5,280,48,0,45,9,266.0
Hot Cappuccino,"Butter Pecan Swirl Hot Cappuccino with Skim Milk, Small",150,0.0,0.0,0.0,5,190,32,0,30,6,174.0
Hot Cappuccino,"Butter Pecan Swirl Hot Cappuccino with Whole Milk, Large",370,8.0,4.5,0.0,25,370,63,0,60,11,423.5
Hot Cappuccino,"Butter Pecan Swirl Hot Cappuccino with Whole Milk, Medium",280,6.0,3.5,0.0,20,280,47,0,45,8,320.5
Hot Cappuccino,"Butter Pecan Swirl Hot Cappuccino with Whole Milk, Small",190,4.0,2.5,0.0,15,190,32,0,30,5,217.5
Hot Chocolate,"Box ‘O Joe, Hot Chocolate",220,7.0,6.0,0.0,0,210,40,2,32,2,256.0
Hot Chocolate,"Dunkaccino, Extra Large",540,23.0,19.0,0.0,10,510,80,1,58,4,613.0
Hot Chocolate,"Dunkaccino, Large",490,21.0,17.0,0.0,10,470,73,1,53,4,556.0
Hot Chocolate,"Dunkaccino, Medium",350,15.0,12.0,0.0,5,340,52,1,38,3,397.0
Hot Chocolate,"Dunkaccino, Small",240,10.0,8.0,0.0,5,230,36,0,26,2,272.0
Hot Chocolate,"French Vanilla Dunkaccino, Extra Large",570,26.0,21.0,0.0,10,570,86,1,62,4,649.0
Hot Chocolate,"French Vanilla Dunkaccino, Large",470,21.0,17.0,0.0,10,460,70,1,50,3,534.0
Hot Chocolate,"French Vanilla Dunkaccino, Medium",350,16.0,13.0,0.0,5,350,53,1,38,2,399.0
Hot Chocolate,"French Vanilla Dunkaccino, Small",230,10.0,8.0,0.0,5,230,35,0,25,2,261.0
Hot Chocolate,"Hot Chocolate with Espresso Shot, Large",400,12.0,11.0,0.0,0,390,71,3,55,3,463.0
Hot Chocolate,"Hot Chocolate with Espresso Shot, Medium",280,9.0,8.0,0.0,0,280,51,2,39,2,325.0
Hot Chocolate,"Hot Chocolate with Espresso Shot, Small",190,6.0,5.0,0.0,0,190,35,1,27,2,220.0
Hot Chocolate,"Mint Hot Chocolate, Extra Large",490,16.0,14.0,0.0,0,430,87,3,70,3,571.0
Hot Chocolate,"Mint Hot Chocolate, Large",400,13.0,12.0,0.0,0,350,72,3,57,3,466.0
Hot Chocolate,"Mint Hot Chocolate, Medium",300,10.0,9.0,0.0,0,260,52,2,42,2,349.0
Hot Chocolate,"Mint Hot Chocolate, Small",210,7.0,6.0,0.0,0,180,36,1,29,1,244.0
Hot Chocolate,"OREO Hot Chocolate, Extra Large",580,13.0,10.0,0.0,0,630,110,4,88,7,671.0
Hot Chocolate,"OREO Hot Chocolate, Large",460,10.0,8.0,0.0,0,500,88,3,70,6,532.0
Hot Chocolate,"OREO Hot Chocolate, Medium",350,8.0,6.0,0.0,0,380,66,2,53,4,405.0
Hot Chocolate,"OREO Hot Chocolate, Small",230,5.0,4.0,0.0,0,250,44,1,35,3,266.0
Hot Chocolate,"Original Hot Chocolate, Extra Large",500,15.0,14.0,0.0,0,480,89,3,71,4,581.0
Hot Chocolate,"Original Hot Chocolate, Large",460,14.0,13.0,0.0,0,440,82,3,65,4,534.0
Hot Chocolate,"Original Hot Chocolate, Medium",330,10.0,9.0,0.0,0,320,59,2,46,3,382.0
Hot Chocolate,"Original Hot Chocolate, Small",220,7.0,6.0,0.0,0,210,40,2,32,2,256.0
Hot Chocolate,"Salted Caramel Hot Chocolate, Extra Large",510,17.0,15.0,0.0,0,750,87,2,69,5,589.0
Hot Chocolate,"Salted Caramel Hot Chocolate, Large",420,14.0,13.0,0.0,0,620,71,2,57,4,486.0
Hot Chocolate,"Salted Caramel Hot Chocolate, Medium",310,10.0,9.0,0.0,0,450,52,1,42,3,358.0
Hot Chocolate,"Salted Caramel Hot Chocolate, Small",210,7.0,6.0,0.0,0,320,36,1,29,2,243.0
Hot Coffee,Box ‘O Joe,5,0.0,0.0,0.0,0,5,0,0,0,0,5.0
Hot Coffee,"Cafe Au Lait with Skim Milk, Large",90,0.0,0.0,0.0,5,110,12,0,12,9,93.0
Hot Coffee,"Cafe Au Lait with Skim Milk, Medium",70,0.0,0.0,0.0,5,80,9,0,9,7,72.0
Hot Coffee,"Cafe Au Lait with Skim Milk, Small",45,0.0,0.0,0.0,0,55,6,0,6,4,47.0
Hot Coffee,"Cafe Au Lait with Whole Milk, Large",150,8.0,4.5,0.0,25,110,12,0,12,8,158.5
Hot Coffee,"Cafe Au Lait with Whole Milk, Medium",110,6.0,3.5,0.0,20,85,9,0,9,6,116.5
Hot Coffee,"Cafe Au Lait with Whole Milk, Small",80,4.0,2.5,0.0,10,55,6,0,6,4,84.5
Hot Coffee,"Caramel Swirl Hot Coffee with Black, Extra Large",280,0.0,0.0,0.0,5,95,64,0,64,4,340.0
Hot Coffee,"Caramel Swirl Hot Coffee with Black, Large",230,0.0,0.0,0.0,5,75,52,0,51,3,278.0
Hot Coffee,"Caramel Swirl Hot Coffee with Black, Medium",170,0.0,0.0,0.0,5,60,39,0,38,3,205.0
Hot Coffee,"Caramel Swirl Hot Coffee with Black, Small",110,0.0,0.0,0.0,0,40,26,0,26,2,134.0
Hot Coffee,"Caramel Swirl Hot Coffee with Cream, Extra Large",420,15.0,8.0,0.0,50,150,67,0,66,6,488.0
Hot Coffee,"Caramel Swirl Hot Coffee with Cream, Large",340,12.0,6.0,0.0,40,120,53,0,53,5,394.0
Hot Coffee,"Caramel Swirl Hot Coffee with Cream, Medium",260,9.0,4.5,0.0,30,90,40,0,40,4,300.5
Hot Coffee,"Caramel Swirl Hot Coffee with Cream, Small",170,6.0,3.0,0.0,20,60,27,0,26,3,196.0
Hot Coffee,"French Vanilla Swirl Hot Coffee, Large",220,0.0,0.0,0.0,5,70,51,0,49,3,266.0
Hot Coffee,"French Vanilla Swirl Hot Coffee, Medium",170,0.0,0.0,0.0,5,50,38,0,37,2,205.0
Hot Coffee,"French Vanilla Swirl Hot Coffee, Small",110,0.0,0.0,0.0,0,35,26,0,24,2,132.0
Hot Coffee,"French Vanilla Swirl Hot Coffee with Cream, Extra Large",420,15.0,8.0,0.0,50,135,66,0,63,6,485.0
Hot Coffee,"French Vanilla Swirl Hot Coffee with Cream, Large",340,12.0,6.0,0.0,40,110,53,0,50,5,391.0
Hot Coffee,"French Vanilla Swirl Hot Coffee with Cream, Medium",250,9.0,4.5,0.0,30,85,40,0,38,4,288.5
Hot Coffee,"French Vanilla Swirl Hot Coffee with Cream, Small",170,6.0,3.0,0.0,20,55,26,0,25,2,196.0
Hot Coffee,"Hazelnut Swirl Hot Coffee, Extra Large",280,0.0,0.0,0.0,5,85,64,0,61,4,337.0
Hot Coffee,"Hazelnut Swirl Hot Coffee, Large",220,0.0,0.0,0.0,5,70,51,0,49,3,266.0
Hot Coffee,"Hazelnut Swirl Hot Coffee, Medium",170,0.0,0.0,0.0,5,50,38,0,37,2,205.0
Hot Coffee,"Hazelnut Swirl Hot Coffee, Small",110,0.0,0.0,0.0,0,35,26,0,24,2,132.0
Hot Coffee,"Hazelnut Swirl Hot Coffee with Cream, Extra Large",420,15.0,8.0,0.0,50,135,66,0,63,6,485.0
Hot Coffee,"Hazelnut Swirl Hot Coffee with Cream, Large",340,12.0,6.0,0.0,40,110,53,0,50,5,391.0
Hot Coffee,"Hazelnut Swirl Hot Coffee with Cream, Medium",250,9.0,4.5,0.0,30,85,40,0,38,4,288.5
Hot Coffee,"Hazelnut Swirl Hot Coffee with Cream, Small",170,6.0,3.0,0.0,20,55,27,0,25,2,196.0
Hot Coffee,"Hot Coffee, Extra Large",5,0.0,0.0,0.0,0,15,0,0,0,1,4.0
Hot Coffee,"Hot Coffee, Large",5,0.0,0.0,0.0,0,10,0,0,0,1,4.0
Hot Coffee,"Hot Coffee, Medium",5,0.0,0.0,0.0,0,10,0,0,0,1,4.0
Hot Coffee,"Hot Coffee, Small",5,0.0,0.0,0.0,0,5,0,0,0,0,5.0
Hot Coffee,"Hot Coffee with Almond Milk, Extra Large",45,1.5,0.0,0.0,0,85,7,0,7,1,51.0
Hot Coffee,"Hot Coffee with Almond Milk, Large",35,1.0,0.0,0.0,0,65,5,0,5,1,39.0
Hot Coffee,"Hot Coffee with Almond Milk, Medium",25,0.5,0.0,0.0,0,45,4,0,3,1,27.0
Hot Coffee,"Hot Coffee with Almond Milk, Small",15,0.0,0.0,0.0,0,25,2,0,2,0,17.0
Hot Coffee,"Hot Coffee with Cream, Extra Large",150,15.0,8.0,0.0,45,65,2,0,2,3,157.0
Hot Coffee,"Hot Coffee with Cream, Large",120,12.0,6.0,0.0,35,55,2,0,2,2,126.0
Hot Coffee,"Hot Coffee with Cream, Medium",90,9.0,4.5,0.0,25,40,1,0,1,2,93.5
Hot Coffee,"Hot Coffee with Cream, Small",60,6.0,3.0,0.0,20,30,1,0,1,1,63.0
Hot Coffee,"Hot Coffee with Cream and Sugar, Extra Large",320,15.0,8.0,0.0,45,65,46,0,46,3,371.0
Hot Coffee,"Hot Coffee with Cream and Sugar, Large",250,12.0,6.0,0.0,35,55,37,0,36,2,290.0
Hot Coffee,"Hot Coffee with Cream and Sugar, Medium",190,9.0,4.5,0.0,25,40,27,0,27,2,219.5
Hot Coffee,"Hot Coffee with Cream and Sugar, Small",130,6.0,3.0,0.0,20,30,18,0,18,1,150.0
Hot Coffee,"Hot Coffee with Skim Milk, Extra Large",30,0.0,0.0,0.0,0,45,4,0,4,3,31.0
Hot Coffee,"Hot Coffee with Skim Milk, Large",25,0.0,0.0,0.0,0,35,3,0,3,3,25.0
Hot Coffee,"Hot Coffee with Skim Milk, Medium",20,0.0,0.0,0.0,0,25,2,0,2,2,20.0
Hot Coffee,"Hot Coffee with Skim Milk, Small",15,0.0,0.0,0.0,0,20,2,0,2,1,16.0
Hot Coffee,"Hot Coffee with Skim Milk and Sugar, Extra Large",200,0.0,0.0,0.0,0,45,47,0,47,3,244.0
Hot Coffee,"Hot Coffee with Skim Milk and Sugar, Large",160,0.0,0.0,0.0,0,35,38,0,38,3,195.0
Hot Coffee,"Hot Coffee with Skim Milk and Sugar, Medium",120,0.0,0.0,0.0,0,25,28,0,28,2,146.0
Hot Coffee,"Hot Coffee with Skim Milk and Sugar, Small",80,0.0,0.0,0.0,0,20,19,0,19,1,98.0
Hot Coffee,"Hot Coffee with Sugar, Extra Large",170,0.0,0.0,0.0,0,15,44,0,43,1,212.0
Hot Coffee,"Hot Coffee with Sugar, Large",140,0.0,0.0,0.0,0,10,35,0,35,1,174.0
Hot Coffee,"Hot Coffee with Sugar, Medium",110,0.0,0.0,0.0,0,10,26,0,26,1,135.0
Hot Coffee,"Hot Coffee with Sugar, Small",70,0.0,0.0,0.0,0,5,17,0,17,0,87.0
Hot Coffee,"Hot Coffee with Whole Milk, Extra Large",50,2.5,1.5,0.0,10,45,4,0,4,3,52.5
Hot Coffee,"Hot Coffee with Whole Milk, Large",40,2.0,1.0,0.0,5,35,3,0,3,2,42.0
Hot Coffee,"Hot Coffee with Whole Milk, Medium",30,1.5,1.0,0.0,5,25,2,0,2,2,31.0
Hot Coffee,"Hot Coffee with Whole Milk, Small",20,1.0,0.5,0.0,5,20,1,0,1,1,20.5
Hot Coffee,"Hot Coffee with Whole Milk and Sugar, Extra Large",220,2.5,1.5,0.0,10,45,47,0,47,3,265.5
Hot Coffee,"Hot Coffee with Whole Milk and Sugar, Large",190,2.0,1.0,0.0,5,35,42,0,42,2,231.0
Hot Coffee,"Hot Coffee with Whole Milk and Sugar, Medium",130,1.5,1.0,0.0,5,30,28,0,28,2,157.0
Hot Coffee,"Hot Coffee with Whole Milk and Sugar, Small",90,1.0,0.5,0.0,5,20,19,0,19,1,108.5
Hot Coffee,"Mocha Swirl Hot Coffee, Extra Large",260,1.0,0.5,0.0,0,45,63,3,57,3,314.5
Hot Coffee,"Mocha Swirl Hot Coffee, Large",210,1.0,0.0,0.0,0,40,50,2,46,2,254.0
Hot Coffee,"Mocha Swirl Hot Coffee, Medium",160,0.5,0.0,0.0,0,30,38,2,34,2,192.0
Hot Coffee,"Mocha Swirl Hot Coffee, Small",110,0.0,0.0,0.0,0,20,25,1,23,1,132.0
Hot Coffee,"Mocha Swirl Hot Coffee with Cream, Extra Large",410,15.0,8.0,0.0,45,100,65,3,59,5,472.0
Hot Coffee,"Mocha Swirl Hot Coffee with Cream, Large",330,12.0,7.0,0.0,35,80,52,2,47,4,380.0
Hot Coffee,"Mocha Swirl Hot Coffee with Cream, Medium",240,9.0,5.0,0.0,25,60,39,2,35,3,277.0
Hot Coffee,"Mocha Swirl Hot Coffee with Cream, Small",160,6.0,3.5,0.0,20,40,26,1,24,2,185.5
Hot Coffee,"Cafe con Leche, Large",340,12.0,7.0,0.0,35,170,47,0,46,12,381.0
Hot Coffee,"Cafe con Leche, Medium",250,9.0,5.0,0.0,25,125,35,0,34,9,280.0
Hot Coffee,"Cafe con Leche, Small",170,6.0,3.5,0.0,20,85,23,0,23,6,190.5
Hot Coffee,Cortadito,80,1.0,0.5,0.0,5,20,16,0,16,1,95.5
Hot Coffee,Espresso with Sugar,60,0.0,0.0,0.0,0,5,15,0,14,0,74.0
Hot Coffee,Hot Espresso,5,0.0,0.0,0.0,0,5,1,0,0,0,5.0
Hot Coffee,"Butter Pecan Swirl Hot Coffee with Black, Extra Large",270,0.0,0.0,0.0,0,330,63,0,60,5,325.0
Hot Coffee,"Butter Pecan Swirl Hot Coffee with Black, Large",220,0.0,0.0,0.0,0,270,50,0,48,4,264.0
Hot Coffee,"Butter Pecan Swirl Hot Coffee with Black, Medium",170,0.0,0.0,0.0,0,200,38,0,36,3,203.0
Hot Coffee,"Butter Pecan Swirl Hot Coffee with Black, Small",110,0.0,0.0,0.0,0,135,25,0,24,2,132.0
Hot Coffee,"Butter Pecan Swirl Hot Coffee with Cream, Extra Large",420,15.0,8.0,0.0,45,390,65,0,62,7,483.0
Hot Coffee,"Butter Pecan Swirl Hot Coffee with Cream, Large",330,12.0,6.0,0.0,35,310,52,0,50,5,381.0
Hot Coffee,"Butter Pecan Swirl Hot Coffee with Cream, Medium",250,9.0,4.5,0.0,30,230,39,0,37,4,287.5
Hot Coffee,"Butter Pecan Swirl Hot Coffee with Cream, Small",170,6.0,3.0,0.0,20,160,26,0,25,3,195.0
Hot Latte,"Caramel Craze Signature Hot Latte with Skim Milk, Large",440,6.0,3.5,0.0,30,240,80,0,75,16,502.5
Hot Latte,"Caramel Craze Signature Hot Latte with Skim Milk, Medium",340,5.0,3.0,0.0,25,180,61,0,57,12,388.0
Hot Latte,"Caramel Craze Signature Hot Latte with Skim Milk, Small",250,5.0,3.0,0.0,20,125,43,0,40,8,285.0
Hot Latte,"Caramel Craze Signature Hot Latte with Whole Milk, Large",530,17.0,10.0,0.5,60,250,79,0,74,15,599.0
Hot Latte,"Caramel Craze Signature Hot Latte with Whole Milk, Medium",410,14.0,8.0,0.0,45,190,61,0,57,11,464.0
Hot Latte,"Caramel Craze Signature Hot Latte with Whole Milk, Small",300,11.0,6.0,0.0,35,130,43,0,39,8,337.0
Hot Latte,"Caramel Swirl Hot Latte with Skim Milk, Large",350,0.0,0.0,0.0,10,230,71,0,69,15,404.0
Hot Latte,"Caramel Swirl Hot Latte with Skim Milk, Medium",260,0.0,0.0,0.0,10,170,53,0,52,11,301.0
Hot Latte,"Caramel Swirl Hot Latte with Skim Milk, Small",180,0.0,0.0,0.0,5,115,36,0,35,8,207.0
Hot Latte,"Caramel Swirl Hot Latte with Whole Milk, Large",450,12.0,7.0,0.0,40,240,70,0,69,14,512.0
Hot Latte,"Caramel Swirl Hot Latte with Whole Milk, Medium",340,9.0,5.0,0.0,30,180,53,0,52,11,386.0
Hot Latte,"Caramel Swirl Hot Latte with Whole Milk, Small",230,6.0,3.5,0.0,20,120,35,0,34,7,260.5
Hot Latte,"Cocoa Mocha Signature Hot Latte with Skim Milk, Large",420,6.0,4.0,0.0,25,210,79,2,69,15,478.0
Hot Latte,"Cocoa Mocha Signature Hot Latte with Skim Milk, Medium",330,6.0,3.5,0.0,20,160,61,2,53,11,375.5
Hot Latte,"Cocoa Mocha Signature Hot Latte with Skim Milk, Small",250,5.0,3.5,0.0,20,110,43,1,37,8,282.5
Hot Latte,"Cocoa Mocha Signature Hot Latte with Whole Milk, Large",520,18.0,11.0,0.5,55,210,78,2,68,14,585.0
Hot Latte,"Cocoa Mocha Signature Hot Latte with Whole Milk, Medium",400,14.0,9.0,0.0,45,160,60,2,52,10,451.0
Hot Latte,"Cocoa Mocha Signature Hot Latte with Whole Milk, Small",300,11.0,7.0,0.0,35,110,43,1,36,7,336.0
Hot Latte,"French Vanilla Swirl Hot Latte with Skim Milk, Large",350,0.0,0.0,0.0,10,220,71,0,67,15,402.0
Hot Latte,"French Vanilla Swirl Hot Latte with Skim Milk, Medium",260,0.0,0.0,0.0,10,170,53,0,50,11,299.0
Hot Latte,"French Vanilla Swirl Hot Latte with Skim Milk, Small",170,0.0,0.0,0.0,5,110,35,0,33,7,196.0
Hot Latte,"French Vanilla Swirl Hot Latte with Whole Milk, Large",450,12.0,7.0,0.0,40,230,70,0,66,14,509.0
Hot Latte,"French Vanilla Swirl Hot Latte with Whole Milk, Medium",330,9.0,5.0,0.0,30,170,52,0,50,11,374.0
Hot Latte,"French Vanilla Swirl Hot Latte with Whole Milk, Small",220,6.0,3.5,0.0,20,115,35,0,33,7,249.5
Hot Latte,"Hazelnut Swirl Hot Latte with Skim Milk, Large",350,0.0,0.0,0.0,10,220,71,0,67,15,402.0
Hot Latte,"Hazelnut Swirl Hot Latte with Skim Milk, Medium",260,0.0,0.0,0.0,10,170,53,0,50,11,299.0
Hot Latte,"Hazelnut Swirl Hot Latte with Skim Milk, Small",170,0.0,0.0,0.0,5,110,35,0,33,7,196.0
Hot Latte,"Hazelnut Swirl Hot Latte with Whole Milk, Large",450,12.0,7.0,0.0,40,230,70,0,66,14,509.0
Hot Latte,"Hazelnut Swirl Hot Latte with Whole Milk, Medium",340,9.0,5.0,0.0,30,170,53,0,50,11,384.0
Hot Latte,"Hazelnut Swirl Hot Latte with Whole Milk, Small",220,6.0,3.5,0.0,20,115,35,0,33,7,249.5
Hot Latte,"Hot Latte with Almond Milk, Large",130,3.5,0.0,0.0,0,240,23,1,20,2,148.0
Hot Latte,"Hot Latte with Almond Milk, Medium",100,3.0,0.0,0.0,0,180,17,1,15,1,114.0
Hot Latte,"Hot Latte with Almond Milk, Small",70,2.0,0.0,0.0,0,120,11,0,10,1,79.0
Hot Latte,"Hot Latte with Skim Milk, Large",130,0.0,0.0,0.0,5,170,20,0,18,12,136.0
Hot Latte,"Hot Latte with Skim Milk, Medium",100,0.0,0.0,0.0,5,125,15,0,14,9,105.0
Hot Latte,"Hot Latte with Skim Milk, Small",70,0.0,0.0,0.0,5,85,10,0,9,6,73.0
Hot Latte,"Hot Latte with Skim Milk and Sugar, Large",270,0.0,0.0,0.0,5,170,54,0,53,12,311.0
Hot Latte,"Hot Latte with Skim Milk and Sugar, Medium",200,0.0,0.0,0.0,5,125,41,0,40,9,231.0
Hot Latte,"Hot Latte with Skim Milk and Sugar, Small",130,0.0,0.0,0.0,5,85,27,0,26,6,150.0
Hot Latte,"Hot Latte with Whole Milk, Large",230,12.0,7.0,0.0,35,170,19,0,18,12,243.0
Hot Latte,"Hot Latte with Whole Milk, Medium",170,9.0,5.0,0.0,25,125,14,0,13,9,179.0
Hot Latte,"Hot Latte with Whole Milk, Small",120,6.0,3.5,0.0,20,85,9,0,9,6,126.5
Hot Latte,"Hot Latte with Whole Milk and Sugar, Large",370,12.0,7.0,0.0,35,170,54,0,52,12,417.0
Hot Latte,"Hot Latte with Whole Milk and Sugar, Medium",270,9.0,5.0,0.0,25,125,40,0,39,9,305.0
Hot Latte,"Hot Latte with Whole Milk and Sugar, Small",180,6.0,3.5,0.0,20,85,27,0,26,6,203.5
Hot Latte,"Mocha Swirl Hot Latte with Skim Milk, Large",340,1.0,0.5,0.0,5,200,70,2,64,14,390.5
Hot Latte,"Mocha Swirl Hot Latte with Skim Milk, Medium",250,1.0,0.5,0.0,5,150,52,2,48,10,288.5
Hot Latte,"Mocha Swirl Hot Latte with Skim Milk, Small",170,0.5,0.0,0.0,5,100,35,1,32,7,195.0
Hot Latte,"Mocha Swirl Hot Latte with Whole Milk, Large",440,13.0,7.0,0.0,35,200,69,2,63,13,497.0
Hot Latte,"Mocha Swirl Hot Latte with Whole Milk, Medium",330,10.0,6.0,0.0,25,150,52,2,47,10,373.0
Hot Latte,"Mocha Swirl Hot Latte with Whole Milk, Small",220,6.0,3.5,0.0,20,100,35,1,32,7,248.5
Hot Latte,"Butter Pecan Swirl Hot Latte with Skim Milk, Large",350,0.5,0.0,0.0,10,420,70,0,66,16,400.0
Hot Latte,"Butter Pecan Swirl Hot Latte with Skim Milk, Medium",260,0.0,0.0,0.0,5,320,52,0,50,12,298.0
Hot Latte,"Butter Pecan Swirl Hot Latte with Skim Milk, Small",170,0.0,0.0,0.0,5,210,35,0,33,8,195.0
Hot Latte,"Butter Pecan Swirl Hot Latte with Whole Milk, Large",450,12.0,7.0,0.0,40,430,69,0,66,15,508.0
Hot Latte,"Butter Pecan Swirl Hot Latte with Whole Milk, Medium",330,9.0,5.0,0.0,30,320,52,0,49,11,373.0
Hot Latte,"Butter Pecan Swirl Hot Latte with Whole Milk, Small",220,6.0,3.5,0.0,20,210,35,0,33,7,249.5
Hot Latte,"Matcha Hot Latte with Skim Milk, Large",240,0.0,0.0,0.0,5,150,45,2,43,14,269.0
Hot Latte,"Matcha Hot Latte with Skim Milk, Medium",180,0.0,0.0,0.0,5,115,34,1,32,11,201.0
Hot Latte,"Matcha Hot Latte with Skim Milk, Small",120,0.0,0.0,0.0,5,75,23,1,22,7,135.0
Hot Latte,"Matcha Hot Latte with Whole Milk, Large",340,12.0,7.0,0.0,35,160,44,2,43,13,377.0
Hot Latte,"Matcha Hot Latte with Whole Milk, Medium",250,9.0,5.0,0.0,25,120,33,1,32,10,277.0
Hot Latte,"Matcha Hot Latte with Whole Milk, Small",170,6.0,3.5,0.0,20,80,22,1,21,7,187.5
Hot Macchiato,"Caramel Swirl Hot Macchiato with Skim Milk, Large",310,0.0,0.0,0.0,10,190,66,0,63,11,362.0
Hot Macchiato,"Caramel Swirl Hot Macchiato with Skim Milk, Medium",240,0.0,0.0,0.0,5,140,49,0,47,8,279.0
Hot Macchiato,"Caramel Swirl Hot Macchiato with Skim Milk, Small",160,0.0,0.0,0.0,5,95,33,0,32,6,186.0
Hot Macchiato,"Caramel Swirl Hot Macchiato with Whole Milk, Large",380,8.0,4.5,0.0,30,190,65,0,63,11,436.5
Hot Macchiato,"Caramel Swirl Hot Macchiato with Whole Milk, Medium",290,6.0,3.5,0.0,20,140,49,0,47,8,332.5
Hot Macchiato,"Caramel Swirl Hot Macchiato with Whole Milk, Small",190,4.0,2.5,0.0,15,95,33,0,31,5,218.5
Hot Macchiato,"French Vanilla Swirl Hot Macchiato with Skim Milk, Large",310,0.0,0.0,0.0,10,180,65,0,61,11,360.0
Hot Macchiato,"French Vanilla Swirl Hot Macchiato with Skim Milk, Medium",230,0.0,0.0,0.0,5,135,49,0,46,8,268.0
Hot Macchiato,"French Vanilla Swirl Hot Macchiato with Skim Milk, Small",160,0.0,0.0,0.0,5,90,33,0,30,5,185.0
Hot Macchiato,"French Vanilla Swirl Hot Macchiato with Whole Milk, Large",380,8.0,4.5,0.0,30,180,65,0,60,10,434.5
Hot Macchiato,"French Vanilla Swirl Hot Macchiato with Whole Milk, Medium",280,6.0,3.5,0.0,20,135,49,0,45,8,320.5
Hot Macchiato,"French Vanilla Swirl Hot Macchiato with Whole Milk, Small",190,4.0,2.5,0.0,15,95,33,0,30,5,217.5
Hot Macchiato,"Hazelnut Swirl Hot Macchiato with Macchiato with Skim Milk, Large",310,0.0,0.0,0.0,10,180,65,0,61,11,360.0
Hot Macchiato,"Hazelnut Swirl Hot Macchiato with Macchiato with Skim Milk, Medium",230,0.0,0.0,0.0,5,135,49,0,46,8,268.0
Hot Macchiato,"Hazelnut Swirl Hot Macchiato with Macchiato with Skim Milk, Small",160,0.0,0.0,0.0,5,90,33,0,30,5,185.0
Hot Macchiato,"Hazelnut Swirl Hot Macchiato with Whole Milk, Large",380,8.0,4.5,0.0,30,180,65,0,60,10,434.5
Hot Macchiato,"Hazelnut Swirl Hot Macchiato with Whole Milk, Medium",280,6.0,3.5,0.0,20,135,49,0,45,8,320.5
Hot Macchiato,"Hazelnut Swirl Hot Macchiato with Whole Milk, Small",190,4.0,2.5,0.0,15,95,33,0,30,5,217.5
Hot Macchiato,"Hot Macchiato with Skim Milk, Large",90,0.0,0.0,0.0,5,120,14,0,12,8,94.0
Hot Macchiato,"Hot Macchiato with Skim Milk, Medium",70,0.0,0.0,0.0,5,90,11,0,9,6,73.0
Hot Macchiato,"Hot Macchiato with Skim Milk, Small",50,0.0,0.0,0.0,0,65,7,0,6,4,52.0
Hot Macchiato,"Hot Macchiato with Skim Milk and Sugar, Large",230,0.0,0.0,0.0,5,120,49,0,47,8,269.0
Hot Macchiato,"Hot Macchiato with Skim Milk and Sugar, Medium",170,0.0,0.0,0.0,5,90,37,0,35,6,199.0
Hot Macchiato,"Hot Macchiato with Skim Milk and Sugar, Small",120,0.0,0.0,0.0,0,65,25,0,23,4,139.0
Hot Macchiato,"Hot Macchiato with Whole Milk, Large",160,8.0,4.5,0.0,25,120,14,0,12,8,168.5
Hot Macchiato,"Hot Macchiato with Whole Milk, Medium",120,6.0,3.5,0.0,20,90,10,0,9,6,126.5
Hot Macchiato,"Hot Macchiato with Whole Milk, Small",80,4.0,2.5,0.0,10,65,7,0,6,4,84.5
Hot Macchiato,"Hot Macchiato with Whole Milk and Sugar, Large",290,8.0,4.5,0.0,25,120,49,0,46,8,332.5
Hot Macchiato,"Hot Macchiato with Whole Milk and Sugar, Medium",220,6.0,3.5,0.0,20,90,37,0,35,6,252.5
Hot Macchiato,"Hot Macchiato with Whole Milk and Sugar, Small",150,4.0,2.5,0.0,10,65,25,0,23,4,171.5
Hot Macchiato,"Mocha Swirl Hot Macchiato with Skim Milk, Large",300,1.0,0.5,0.0,5,150,65,2,58,10,348.5
Hot Macchiato,"Mocha Swirl Hot Macchiato with Skim Milk, Medium",230,1.0,0.5,0.0,5,110,49,2,43,7,266.5
Hot Macchiato,"Mocha Swirl Hot Macchiato with Skim Milk, Small",150,0.5,0.0,0.0,0,75,33,1,29,5,174.0
Hot Macchiato,"Mocha Swirl Hot Macchiato with Whole Milk, Large",370,9.0,5.0,0.0,25,150,64,2,57,9,423.0
Hot Macchiato,"Mocha Swirl Hot Macchiato with Whole Milk, Medium",280,7.0,4.0,0.0,20,115,48,2,43,7,320.0
Hot Macchiato,"Mocha Swirl Hot Macchiato with Whole Milk, Small",180,4.5,2.5,0.0,10,80,32,1,29,5,206.5
Hot Macchiato,"Vanilla Chai/Vanilla Spice, Large",450,12.0,10.0,0.0,10,210,75,0,66,14,512.0
Hot Macchiato,"Vanilla Chai/Vanilla Spice, Medium",340,9.0,7.0,0.0,10,160,56,0,49,10,386.0
Hot Macchiato,"Vanilla Chai/Vanilla Spice, Small",230,6.0,5.0,0.0,5,105,37,0,33,7,261.0
Hot Macchiato,"Butter Pecan Swirl Hot Macchiato with Skim Milk, Large",310,0.0,0.0,0.0,5,380,64,0,60,12,358.0
Hot Macchiato,"Butter Pecan Swirl Hot Macchiato with Skim Milk, Medium",230,0.0,0.0,0.0,5,280,48,0,45,9,266.0
Hot Macchiato,"Butter Pecan Swirl Hot Macchiato with Skim Milk, Small",160,0.0,0.0,0.0,5,190,33,0,30,6,184.0
Hot Macchiato,"Butter Pecan Swirl Hot Macchiato with Whole Milk, Large",380,8.0,4.5,0.0,25,380,64,0,60,11,433.5
Hot Macchiato,"Butter Pecan Swirl Hot Macchiato with Whole Milk, Medium",280,6.0,3.5,0.0,20,290,48,0,45,8,320.5
Hot Macchiato,"Butter Pecan Swirl Hot Macchiato with Whole Milk, Small",190,4.0,2.5,0.0,15,190,32,0,30,6,216.5
Iced Americano,"Iced Americano, Large",10,0.0,0.0,0.0,0,40,2,0,0,0,10.0
Iced Americano,"Iced Americano, Medium",10,0.0,0.0,0.0,0,30,2,0,0,0,10.0
Iced Americano,"Iced Americano, Small",5,0.0,0.0,0.0,0,25,1,0,0,0,5.0
Iced Cappuccino,"Caramel Swirl Iced Cappuccino with Skim Milk, Large",310,0.0,0.0,0.0,10,200,65,0,63,11,362.0
Iced Cappuccino,"Caramel Swirl Iced Cappuccino with Skim Milk, Medium",230,0.0,0.0,0.0,5,150,49,0,47,8,269.0
Iced Cappuccino,"Caramel Swirl Iced Cappuccino with Skim Milk, Small",160,0.0,0.0,0.0,5,100,33,0,32,6,186.0
Iced Cappuccino,"Caramel Swirl Iced Cappuccino with Whole Milk, Large",380,8.0,4.5,0.0,30,200,65,0,63,11,436.5
Iced Cappuccino,"Caramel Swirl Iced Cappuccino with Whole Milk, Medium",280,6.0,3.5,0.0,20,150,48,0,47,8,322.5
Iced Cappuccino,"Caramel Swirl Iced Cappuccino with Whole Milk, Small",190,4.0,2.5,0.0,15,100,32,0,31,5,218.5
Iced Cappuccino,"French Vanilla Swirl Iced Cappuccino with Skim Milk, Large",310,0.0,0.0,0.0,10,190,65,0,61,11,360.0
Iced Cappuccino,"French Vanilla Swirl Iced Cappuccino with Skim Milk, Medium",230,0.0,0.0,0.0,5,140,48,0,46,8,268.0
Iced Cappuccino,"French Vanilla Swirl Iced Cappuccino with Skim Milk, Small",150,0.0,0.0,0.0,5,95,32,0,30,5,175.0
Iced Cappuccino,"French Vanilla Swirl Iced Cappuccino with Whole Milk, Large",370,8.0,4.5,0.0,30,190,64,0,60,10,424.5
Iced Cappuccino,"French Vanilla Swirl Iced Cappuccino with Whole Milk, Medium",280,6.0,3.5,0.0,20,140,48,0,45,8,320.5
Iced Cappuccino,"French Vanilla Swirl Iced Cappuccino with Whole Milk, Small",190,4.0,2.5,0.0,15,95,32,0,30,5,217.5
Iced Cappuccino,"Hazelnut Swirl Iced Cappuccino with Skim Milk, Large",310,0.0,0.0,0.0,10,190,65,0,61,11,360.0
Iced Cappuccino,"Hazelnut Swirl Iced Cappuccino with Skim Milk, Medium",230,0.0,0.0,0.0,5,140,49,0,46,8,268.0
Iced Cappuccino,"Hazelnut Swirl Iced Cappuccino with Skim Milk, Small",150,0.0,0.0,0.0,5,95,32,0,30,5,175.0
Iced Cappuccino,"Hazelnut Swirl Iced Cappuccino with Whole Milk, Large",370,8.0,4.5,0.0,30,190,64,0,60,10,424.5
Iced Cappuccino,"Hazelnut Swirl Iced Cappuccino with Whole Milk, Medium",280,6.0,3.5,0.0,20,140,48,0,45,8,320.5
Iced Cappuccino,"Hazelnut Swirl Iced Cappuccino with Whole Milk, Small",190,4.0,2.5,0.0,15,95,32,0,30,5,217.5
Iced Cappuccino,"Iced Cappuccino with Skim Milk, Large",90,0.0,0.0,0.0,5,130,13,0,12,8,94.0
Iced Cappuccino,"Iced Cappuccino with Skim Milk, Medium",70,0.0,0.0,0.0,5,95,10,0,9,6,73.0
Iced Cappuccino,"Iced Cappuccino with Skim Milk, Small",45,0.0,0.0,0.0,0,65,7,0,6,4,47.0
Iced Cappuccino,"Iced Cappuccino with Skim Milk and Sugar, Large",230,0.0,0.0,0.0,5,130,48,0,47,8,269.0
Iced Cappuccino,"Iced Cappuccino with Skim Milk and Sugar, Medium",170,0.0,0.0,0.0,5,95,36,0,35,6,199.0
Iced Cappuccino,"Iced Cappuccino with Skim Milk and Sugar, Small",110,0.0,0.0,0.0,0,65,24,0,23,4,129.0
Iced Cappuccino,"Iced Cappuccino with Whole Milk, Large",160,8.0,4.5,0.0,25,130,13,0,12,8,168.5
Iced Cappuccino,"Iced Cappuccino with Whole Milk, Medium",120,6.0,3.5,0.0,20,100,10,0,9,6,126.5
Iced Cappuccino,"Iced Cappuccino with Whole Milk, Small",80,4.0,2.5,0.0,10,65,7,0,6,4,84.5
Iced Cappuccino,"Iced Cappuccino with Whole Milk and Sugar, Large",290,8.0,4.5,0.0,25,130,48,0,46,8,332.5
Iced Cappuccino,"Iced Cappuccino with Whole Milk and Sugar, Medium",220,6.0,3.5,0.0,20,100,36,0,35,6,252.5
Iced Cappuccino,"Iced Cappuccino with Whole Milk and Sugar, Small",150,4.0,2.5,0.0,10,65,24,0,23,4,171.5
Iced Cappuccino,"Mocha Swirl Iced Cappuccino with Skim Milk, Large",300,1.0,0.5,0.0,5,160,64,2,58,10,348.5
Iced Cappuccino,"Mocha Swirl Iced Cappuccino with Skim Milk, Medium",220,1.0,0.5,0.0,5,115,48,2,43,7,256.5
Iced Cappuccino,"Mocha Swirl Iced Cappuccino with Skim Milk, Small",150,0.5,0.0,0.0,0,80,32,1,29,5,174.0
Iced Cappuccino,"Mocha Swirl Iced Cappuccino with Whole Milk, Large",360,9.0,5.0,0.0,25,160,63,2,57,9,413.0
Iced Cappuccino,"Mocha Swirl Iced Cappuccino with Whole Milk, Medium",270,7.0,4.0,0.0,20,120,48,2,43,7,310.0
Iced Cappuccino,"Mocha Swirl Iced Cappuccino with Whole Milk, Small",180,4.5,2.5,0.0,10,80,32,1,29,5,206.5
Iced Cappuccino,"Butter Pecan Swirl Iced Cappuccino with Skim Milk, Large",310,0.0,0.0,0.0,5,390,64,0,60,11,359.0
Iced Cappuccino,"Butter Pecan Swirl Iced Cappuccino with Skim Milk, Medium",230,0.0,0.0,0.0,5,290,48,0,45,9,266.0
Iced Cappuccino,"Butter Pecan Swirl Iced Cappuccino with Skim Milk, Small",150,0.0,0.0,0.0,5,190,32,0,30,6,174.0
Iced Cappuccino,"Butter Pecan Swirl Iced Cappuccino with Whole Milk, Large",370,8.0,4.5,0.0,25,390,63,0,60,11,423.5
Iced Cappuccino,"Butter Pecan Swirl Iced Cappuccino with Whole Milk, Medium",280,6.0,3.5,0.0,20,290,47,0,45,8,320.5
Iced Cappuccino,"Butter Pecan Swirl Iced Cappuccino with Whole Milk, Small",190,4.0,2.5,0.0,15,190,32,0,30,5,217.5
Iced Coffee,"Caramel Swirl Iced Coffee, Large",230,0.0,0.0,0.0,5,85,52,0,51,3,278.0
Iced Coffee,"Caramel Swirl Iced Coffee, Medium",170,0.0,0.0,0.0,5,65,39,0,38,3,205.0
Iced Coffee,"Caramel Swirl Iced Coffee, Small",110,0.0,0.0,0.0,0,45,26,0,26,2,134.0
Iced Coffee,"Caramel Swirl Iced Coffee with Cream, Large",340,12.0,6.0,0.0,40,130,53,0,53,5,394.0
Iced Coffee,"Caramel Swirl Iced Coffee with Cream, Medium",260,9.0,4.5,0.0,30,95,40,0,40,4,300.5
Iced Coffee,"Caramel Swirl Iced Coffee with Cream, Small",170,6.0,3.0,0.0,20,65,27,0,26,3,196.0
Iced Coffee,"French Vanilla Swirl Iced Coffee, Large",220,0.0,0.0,0.0,5,80,51,0,49,3,266.0
Iced Coffee,"French Vanilla Swirl Iced Coffee, Medium",170,0.0,0.0,0.0,5,60,38,0,37,2,205.0
Iced Coffee,"French Vanilla Swirl Iced Coffee, Small",110,0.0,0.0,0.0,0,40,26,0,24,2,132.0
Iced Coffee,"French Vanilla Swirl Iced Coffee with Cream, Large",340,12.0,6.0,0.0,40,120,53,0,50,5,391.0
Iced Coffee,"French Vanilla Swirl Iced Coffee with Cream, Medium",250,9.0,4.5,0.0,30,90,40,0,38,4,288.5
Iced Coffee,"French Vanilla Swirl Iced Coffee with Cream, Small",170,6.0,3.0,0.0,20,60,26,0,25,2,196.0
Iced Coffee,"Hazelnut Swirl Iced Coffee, Large",220,0.0,0.0,0.0,5,80,51,0,49,3,266.0
Iced Coffee,"Hazelnut Swirl Iced Coffee, Medium",170,0.0,0.0,0.0,5,60,38,0,37,2,205.0
Iced Coffee,"Hazelnut Swirl Iced Coffee, Small",110,0.0,0.0,0.0,0,40,26,0,24,2,132.0
Iced Coffee,"Hazelnut Swirl Iced Coffee with Cream, Large",340,12.0,6.0,0.0,40,120,53,0,50,5,391.0
Iced Coffee,"Hazelnut Swirl Iced Coffee with Cream, Medium",250,9.0,4.5,0.0,30,90,40,0,38,4,288.5
Iced Coffee,"Hazelnut Swirl Iced Coffee with Cream, Small",170,6.0,3.0,0.0,20,60,27,0,25,2,196.0
Iced Coffee,"Iced Cafe Au Lait with Skim Milk, Large",90,0.0,0.0,0.0,5,120,12,0,12,9,93.0
Iced Coffee,"Iced Cafe Au Lait with Skim Milk, Medium",60,0.0,0.0,0.0,5,90,9,0,9,6,63.0
Iced Coffee,"Iced Cafe Au Lait with Skim Milk, Small",45,0.0,0.0,0.0,0,60,6,0,6,4,47.0
Iced Coffee,"Iced Cafe Au Lait with Whole Milk, Large",150,8.0,4.5,0.0,25,120,12,0,12,8,158.5
Iced Coffee,"Iced Cafe Au Lait with Whole Milk, Medium",110,6.0,3.5,0.0,20,90,9,0,9,6,116.5
Iced Coffee,"Iced Cafe Au Lait with Whole Milk, Small",80,4.0,2.5,0.0,10,60,6,0,6,4,84.5
Iced Coffee,"Iced Coffee, Large",5,0.0,0.0,0.0,0,20,0,0,0,1,4.0
Iced Coffee,"Iced Coffee, Medium",5,0.0,0.0,0.0,0,15,0,0,0,0,5.0
Iced Coffee,"Iced Coffee, Small",5,0.0,0.0,0.0,0,10,0,0,0,0,5.0
Iced Coffee,"Iced Coffee with Almond Milk, Large",35,1.0,0.0,0.0,0,75,5,0,5,1,39.0
Iced Coffee,"Iced Coffee with Almond Milk, Medium",25,0.5,0.0,0.0,0,50,4,0,3,1,27.0
Iced Coffee,"Iced Coffee with Almond Milk, Small",15,0.0,0.0,0.0,0,30,2,0,2,0,17.0
Iced Coffee,"Iced Coffee with Cream, Large",120,12.0,6.0,0.0,35,65,2,0,2,2,126.0
Iced Coffee,"Iced Coffee with Cream, Medium",90,9.0,4.5,0.0,25,45,1,0,1,2,93.5
Iced Coffee,"Iced Coffee with Cream, Small",60,6.0,3.0,0.0,20,30,1,0,1,1,63.0
Iced Coffee,"Iced Coffee with Cream and Sugar, Large",260,12.0,6.0,0.0,35,65,37,0,36,2,300.0
Iced Coffee,"Iced Coffee with Cream and Sugar, Medium",190,9.0,4.5,0.0,25,45,27,0,27,2,219.5
Iced Coffee,"Iced Coffee with Cream and Sugar, Small",130,6.0,3.0,0.0,20,30,18,0,18,1,150.0
Iced Coffee,"Iced Coffee with Skim Milk, Large",25,0.0,0.0,0.0,0,45,3,0,3,3,25.0
Iced Coffee,"Iced Coffee with Skim Milk, Medium",20,0.0,0.0,0.0,0,35,2,0,2,2,20.0
Iced Coffee,"Iced Coffee with Skim Milk, Small",15,0.0,0.0,0.0,0,25,2,0,2,1,16.0
Iced Coffee,"Iced Coffee with Skim Milk and Sugar, Large",160,0.0,0.0,0.0,0,45,38,0,38,3,195.0
Iced Coffee,"Iced Coffee with Skim Milk and Sugar, Medium",120,0.0,0.0,0.0,0,35,28,0,28,2,146.0
Iced Coffee,"Iced Coffee with Skim Milk and Sugar, Small",80,0.0,0.0,0.0,0,25,19,0,19,1,98.0
Iced Coffee,"Iced Coffee with Sugar, Large",140,0.0,0.0,0.0,0,20,35,0,35,1,174.0
Iced Coffee,"Iced Coffee with Sugar, Medium",110,0.0,0.0,0.0,0,15,26,0,26,0,136.0
Iced Coffee,"Iced Coffee with Sugar, Small",70,0.0,0.0,0.0,0,10,17,0,17,0,87.0
Iced Coffee,"Iced Coffee with Whole Milk, Large",40,2.0,1.0,0.0,5,45,3,0,3,3,41.0
Iced Coffee,"Iced Coffee with Whole Milk, Medium",30,1.5,1.0,0.0,5,35,2,0,2,2,31.0
Iced Coffee,"Iced Coffee with Whole Milk, Small",20,1.0,0.5,0.0,5,25,1,0,1,1,20.5
Iced Coffee,"Iced Coffee with Whole Milk and Sugar, Large",180,2.0,1.0,0.0,5,45,38,0,38,3,216.0
Iced Coffee,"Iced Coffee with Whole Milk and Sugar, Medium",130,1.5,1.0,0.0,5,35,28,0,28,2,157.0
Iced Coffee,"Iced Coffee with Whole Milk and Sugar, Small",90,1.0,0.5,0.0,5,25,19,0,19,1,108.5
Iced Coffee,Mocha Swirl Iced Coffee Large,210,1.0,0.0,0.0,0,50,50,2,46,2,254.0
Iced Coffee,Mocha Swirl Iced Coffee Medium,160,0.5,0.0,0.0,0,35,38,2,34,2,192.0
Iced Coffee,Mocha Swirl Iced Coffee Small,110,0.0,0.0,0.0,0,25,25,1,23,1,132.0
Iced Coffee,"Mocha Swirl Iced Coffee with Cream, Large",330,12.0,7.0,0.0,35,90,52,2,47,4,380.0
Iced Coffee,"Mocha Swirl Iced Coffee with Cream, Medium",240,9.0,5.0,0.0,25,65,39,2,35,3,277.0
Iced Coffee,"Mocha Swirl Iced Coffee with Cream, Small",160,6.0,3.5,0.0,20,45,26,1,24,2,185.5
Iced Coffee,"Butter Pecan Swirl Iced Coffee with Black, Large",220,0.0,0.0,0.0,0,280,50,0,48,4,264.0
Iced Coffee,"Butter Pecan Swirl Iced Coffee with Black, Medium",170,0.0,0.0,0.0,0,210,38,0,36,3,203.0
Iced Coffee,"Butter Pecan Swirl Iced Coffee with Black, Small",110,0.0,0.0,0.0,0,140,25,0,24,2,132.0
Iced Coffee,"Butter Pecan Swirl Iced Coffee with Cream, Large",340,12.0,6.0,0.0,35,320,52,0,50,5,391.0
Iced Coffee,"Butter Pecan Swirl Iced Coffee with Cream, Medium",250,9.0,4.5,0.0,30,240,39,0,37,4,287.5
Iced Coffee,"Butter Pecan Swirl Iced Coffee with Cream, Small",170,6.0,3.0,0.0,20,160,26,0,25,3,195.0
Iced Latte,"Caramel Craze Signature Iced Latte with Skim Milk, Large",430,6.0,3.5,0.0,30,250,79,0,75,16,492.5
Iced Latte,"Caramel Craze Signature Iced Latte with Skim Milk, Medium",340,5.0,3.0,0.0,25,190,61,0,57,12,388.0
Iced Latte,"Caramel Craze Signature Iced Latte with Skim Milk, Small",250,5.0,3.0,0.0,20,130,43,0,40,8,285.0
Iced Latte,"Caramel Craze Signature Iced Latte with Whole Milk, Large",530,17.0,10.0,0.5,60,250,79,0,74,15,599.0
Iced Latte,"Caramel Craze Signature Iced Latte with Whole Milk, Medium",410,14.0,8.0,0.0,45,190,61,0,57,11,464.0
Iced Latte,"Caramel Craze Signature Iced Latte with Whole Milk, Small",300,11.0,6.0,0.0,35,130,43,0,39,8,337.0
Iced Latte,"Caramel Swirl Iced Latte with Skim Milk, Large",350,0.0,0.0,0.0,10,250,71,0,69,15,404.0
Iced Latte,"Caramel Swirl Iced Latte with Skim Milk, Medium",260,0.0,0.0,0.0,10,190,53,0,52,11,301.0
Iced Latte,"Caramel Swirl Iced Latte with Skim Milk, Small",180,0.0,0.0,0.0,5,125,36,0,35,8,207.0
Iced Latte,"Caramel Swirl Iced Latte with Whole Milk, Large",450,12.0,7.0,0.0,40,250,70,0,69,14,512.0
Iced Latte,"Caramel Swirl Iced Latte with Whole Milk, Medium",340,9.0,5.0,0.0,30,190,53,0,52,11,386.0
Iced Latte,"Caramel Swirl Iced Latte with Whole Milk, Small",230,6.0,3.5,0.0,20,125,35,0,34,7,260.5
Iced Latte,"Cocoa Mocha Signature Iced Latte with Skim Milk, Large",420,6.0,4.0,0.0,25,220,78,2,69,15,478.0
Iced Latte,"Cocoa Mocha Signature Iced Latte with Skim Milk, Medium",330,6.0,3.5,0.0,20,160,60,2,52,11,374.5
Iced Latte,"Cocoa Mocha Signature Iced Latte with Skim Milk, Small",250,5.0,3.5,0.0,20,115,43,1,36,8,281.5
Iced Latte,"Cocoa Mocha Signature Iced Latte with Whole Milk, Large",520,18.0,11.0,0.5,55,220,77,2,68,14,585.0
Iced Latte,"Cocoa Mocha Signature Iced Latte with Whole Milk, Medium",400,14.0,9.0,0.0,45,170,60,2,52,10,451.0
Iced Latte,"Cocoa Mocha Signature Iced Latte with Whole Milk, Small",300,11.0,7.0,0.0,35,115,42,1,36,7,336.0
Iced Latte,"French Vanilla Swirl Iced Latte with Skim Milk, Large",350,0.0,0.0,0.0,10,240,71,0,67,15,402.0
Iced Latte,"French Vanilla Swirl Iced Latte with Skim Milk, Medium",260,0.0,0.0,0.0,10,180,53,0,50,11,299.0
Iced Latte,"French Vanilla Swirl Iced Latte with Skim Milk, Small",170,0.0,0.0,0.0,5,120,35,0,33,7,196.0
Iced Latte,"French Vanilla Swirl Iced Latte with Whole Milk, Large",450,12.0,7.0,0.0,40,240,70,0,66,14,509.0
Iced Latte,"French Vanilla Swirl Iced Latte with Whole Milk, Medium",330,9.0,5.0,0.0,30,180,52,0,50,11,374.0
Iced Latte,"French Vanilla Swirl Iced Latte with Whole Milk, Small",220,6.0,3.5,0.0,20,120,35,0,33,7,249.5
Iced Latte,"Hazelnut Swirl Iced Latte with Skim Milk, Large",350,0.0,0.0,0.0,10,240,71,0,67,15,402.0
Iced Latte,"Hazelnut Swirl Iced Latte with Skim Milk, Medium",260,0.0,0.0,0.0,10,180,53,0,50,11,299.0
Iced Latte,"Hazelnut Swirl Iced Latte with Skim Milk, Small",170,0.0,0.0,0.0,5,120,35,0,33,7,196.0
Iced Latte,"Hazelnut Swirl Iced Latte with Whole Milk, Large",450,12.0,7.0,0.0,40,240,70,0,66,14,509.0
Iced Latte,"Hazelnut Swirl Iced Latte with Whole Milk, Medium",340,9.0,5.0,0.0,30,180,53,0,50,11,384.0
Iced Latte,"Hazelnut Swirl Iced Latte with Whole Milk, Small",220,6.0,3.5,0.0,20,120,35,0,33,7,249.5
Iced Latte,"Iced Latte with Almond Milk, Large",130,3.5,0.0,0.0,0,260,23,1,20,2,148.0
Iced Latte,"Iced Latte with Almond Milk, Medium",100,3.0,0.0,0.0,0,190,17,1,15,1,114.0
Iced Latte,"Iced Latte with Almond Milk, Small",70,2.0,0.0,0.0,0,130,11,0,10,1,79.0
Iced Latte,"Iced Latte with Skim Milk, Large",130,0.0,0.0,0.0,5,180,20,0,18,12,136.0
Iced Latte,"Iced Latte with Skim Milk, Medium",100,0.0,0.0,0.0,5,135,15,0,14,9,105.0
Iced Latte,"Iced Latte with Skim Milk, Small",70,0.0,0.0,0.0,5,90,10,0,9,6,73.0
Iced Latte,"Iced Latte with Skim Milk and Sugar, Large",270,0.0,0.0,0.0,5,180,54,0,53,12,311.0
Iced Latte,"Iced Latte with Skim Milk and Sugar, Medium",200,0.0,0.0,0.0,5,135,41,0,40,9,231.0
Iced Latte,"Iced Latte with Skim Milk and Sugar, Small",130,0.0,0.0,0.0,5,90,27,0,26,6,150.0
Iced Latte,"Iced Latte with Whole Milk, Large",230,12.0,7.0,0.0,35,180,19,0,18,12,243.0
Iced Latte,"Iced Latte with Whole Milk, Medium",170,9.0,5.0,0.0,25,135,14,0,13,9,179.0
Iced Latte,"Iced Latte with Whole Milk, Small",120,6.0,3.5,0.0,20,90,9,0,9,6,126.5
Iced Latte,"Iced Latte with Whole Milk and Sugar, Large",370,12.0,7.0,0.0,35,180,54,0,52,12,417.0
Iced Latte,"Iced Latte with Whole Milk and Sugar, Medium",270,9.0,5.0,0.0,25,135,40,0,39,9,305.0
Iced Latte,"Iced Latte with Whole Milk and Sugar, Small",180,6.0,3.5,0.0,20,90,27,0,26,6,203.5
Iced Latte,"Mocha Swirl Iced Latte with Skim Milk, Large",340,1.0,0.5,0.0,5,210,70,2,64,14,390.5
Iced Latte,"Mocha Swirl Iced Latte with Skim Milk, Medium",250,1.0,0.5,0.0,5,160,52,2,48,10,288.5
Iced Latte,"Mocha Swirl Iced Latte with Skim Milk, Small",170,0.5,0.0,0.0,5,105,35,1,32,7,195.0
Iced Latte,"Mocha Swirl Iced Latte with Whole Milk, Large",440,13.0,7.0,0.0,35,220,69,2,63,13,497.0
Iced Latte,"Mocha Swirl Iced Latte with Whole Milk, Medium",330,10.0,6.0,0.0,25,160,52,2,47,10,373.0
Iced Latte,"Mocha Swirl Iced Latte with Whole Milk, Small",220,6.0,3.5,0.0,20,110,35,1,32,7,248.5
Iced Latte,"Butter Pecan Swirl Iced Latte with Skim Milk, Large",350,0.5,0.0,0.0,10,440,70,0,66,16,400.0
Iced Latte,"Butter Pecan Swirl Iced Latte with Skim Milk, Medium",260,0.0,0.0,0.0,5,330,52,0,50,12,298.0
Iced Latte,"Butter Pecan Swirl Iced Latte with Skim Milk, Small",170,0.0,0.0,0.0,5,220,35,0,33,8,195.0
Iced Latte,"Butter Pecan Swirl Iced Latte with Whole Milk, Large",450,12.0,7.0,0.0,40,440,69,0,66,15,508.0
Iced Latte,"Butter Pecan Swirl Iced Latte with Whole Milk, Medium",330,9.0,5.0,0.0,30,330,52,0,49,11,373.0
Iced Latte,"Butter Pecan Swirl Iced Latte with Whole Milk, Small",220,6.0,3.5,0.0,20,220,35,0,33,7,249.5
Iced Latte,"Matcha Iced Latte with Skim Milk, Large",240,0.0,0.0,0.0,5,170,45,2,43,14,269.0
Iced Latte,"Matcha Iced Latte with Skim Milk, Medium",180,0.0,0.0,0.0,5,125,34,1,32,11,201.0
Iced Latte,"Matcha Iced Latte with Skim Milk, Small",120,0.0,0.0,0.0,5,85,23,1,22,7,135.0
Iced Latte,"Matcha Iced Latte with Whole Milk, Large",340,12.0,7.0,0.0,35,170,44,2,43,13,377.0
Iced Latte,"Matcha Iced Latte with Whole Milk, Medium",250,9.0,5.0,0.0,25,130,33,1,32,10,277.0
Iced Latte,"Matcha Iced Latte with Whole Milk, Small",170,6.0,3.5,0.0,20,85,22,1,21,7,187.5
Iced Macchiato,"Caramel Swirl Iced Macchiato with Skim Milk, Large",310,0.0,0.0,0.0,10,200,66,0,63,11,362.0
Iced Macchiato,"Caramel Swirl Iced Macchiato with Skim Milk, Medium",240,0.0,0.0,0.0,5,150,49,0,47,8,279.0
Iced Macchiato,"Caramel Swirl Iced Macchiato with Skim Milk, Small",160,0.0,0.0,0.0,5,105,33,0,32,6,186.0
Iced Macchiato,"Caramel Swirl Iced Macchiato with Whole Milk, Large",380,8.0,4.5,0.0,30,200,65,0,63,11,436.5
Iced Macchiato,"Caramel Swirl Iced Macchiato with Whole Milk, Medium",290,6.0,3.5,0.0,20,150,49,0,47,8,332.5
Iced Macchiato,"Caramel Swirl Iced Macchiato with Whole Milk, Small",190,4.0,2.5,0.0,15,105,33,0,31,5,218.5
Iced Macchiato,"French Vanilla Swirl Iced Macchiato with Skim Milk, Large",310,0.0,0.0,0.0,10,190,65,0,61,11,360.0
Iced Macchiato,"French Vanilla Swirl Iced Macchiato with Skim Milk, Medium",230,0.0,0.0,0.0,5,150,49,0,46,8,268.0
Iced Macchiato,"French Vanilla Swirl Iced Macchiato with Skim Milk, Small",160,0.0,0.0,0.0,5,100,33,0,30,5,185.0
Iced Macchiato,"French Vanilla Swirl Iced Macchiato with Whole Milk, Large",380,8.0,4.5,0.0,30,200,65,0,60,10,434.5
Iced Macchiato,"French Vanilla Swirl Iced Macchiato with Whole Milk, Medium",280,6.0,3.5,0.0,20,150,49,0,45,8,320.5
Iced Macchiato,"French Vanilla Swirl Iced Macchiato with Whole Milk, Small",190,4.0,2.5,0.0,15,100,33,0,30,5,217.5
Iced Macchiato,"Hazelnut Swirl Iced Macchiato with Skim Milk, Large",310,0.0,0.0,0.0,10,190,65,0,61,11,360.0
Iced Macchiato,"Hazelnut Swirl Iced Macchiato with Skim Milk, Medium",230,0.0,0.0,0.0,5,150,49,0,46,8,268.0
Iced Macchiato,"Hazelnut Swirl Iced Macchiato with Skim Milk, Small",160,0.0,0.0,0.0,5,100,33,0,30,5,185.0
Iced Macchiato,"Hazelnut Swirl Iced Macchiato with Whole Milk, Large",380,8.0,4.5,0.0,30,200,65,0,60,10,434.5
Iced Macchiato,"Hazelnut Swirl Iced Macchiato with Whole Milk, Medium",280,6.0,3.5,0.0,20,150,49,0,45,8,320.5
Iced Macchiato,"Hazelnut Swirl Iced Macchiato with Whole Milk, Small",190,4.0,2.5,0.0,15,100,33,0,30,5,217.5
Iced Macchiato,"Iced Macchiato with Skim Milk, Large",90,0.0,0.0,0.0,5,135,14,0,12,8,94.0
Iced Macchiato,"Iced Macchiato with Skim Milk, Medium",70,0.0,0.0,0.0,5,100,11,0,9,6,73.0
Iced Macchiato,"Iced Macchiato with Skim Milk, Small",50,0.0,0.0,0.0,0,70,7,0,6,4,52.0
Iced Macchiato,"Iced Macchiato with Skim Milk and Sugar, Large",230,0.0,0.0,0.0,5,135,49,0,47,8,269.0
Iced Macchiato,"Iced Macchiato with Skim Milk and Sugar, Medium",170,0.0,0.0,0.0,5,100,37,0,35,6,199.0
Iced Macchiato,"Iced Macchiato with Skim Milk and Sugar, Small",120,0.0,0.0,0.0,0,70,25,0,23,4,139.0
Iced Macchiato,"Iced Macchiato with Whole Milk, Large",160,8.0,4.5,0.0,25,135,14,0,12,8,168.5
Iced Macchiato,"Iced Macchiato with Whole Milk, Medium",120,6.0,3.5,0.0,20,105,10,0,9,6,126.5
Iced Macchiato,"Iced Macchiato with Whole Milk, Small",80,4.0,2.5,0.0,10,70,7,0,6,4,84.5
Iced Macchiato,"Iced Macchiato with Whole Milk and Sugar, Large",290,8.0,4.5,0.0,25,140,49,0,46,8,332.5
Iced Macchiato,"Iced Macchiato with Whole Milk and Sugar, Medium",220,6.0,3.5,0.0,20,105,37,0,35,6,252.5
Iced Macchiato,"Iced Macchiato with Whole Milk and Sugar, Small",150,4.0,2.5,0.0,10,70,25,0,23,4,171.5
Iced Macchiato,"Mocha Swirl Iced Macchiato with Skim Milk, Large",300,1.0,0.5,0.0,5,160,65,2,58,10,348.5
Iced Macchiato,"Mocha Swirl Iced Macchiato with Skim Milk, Medium",230,1.0,0.5,0.0,5,125,49,2,43,7,266.5
Iced Macchiato,"Mocha Swirl Iced Macchiato with Skim Milk, Small",150,0.5,0.0,0.0,0,85,33,1,29,5,174.0
Iced Macchiato,"Mocha Swirl Iced Macchiato with Whole Milk, Large",370,9.0,5.0,0.0,25,170,64,2,57,9,423.0
Iced Macchiato,"Mocha Swirl Iced Macchiato with Whole Milk, Medium",280,7.0,4.0,0.0,20,125,48,2,43,7,320.0
Iced Macchiato,"Mocha Swirl Iced Macchiato with Whole Milk, Small",180,4.5,2.5,0.0,10,85,32,1,29,5,206.5
Iced Macchiato,"Butter Pecan Swirl Iced Macchiato with Skim Milk, Large",310,0.0,0.0,0.0,5,390,64,0,60,12,358.0
Iced Macchiato,"Butter Pecan Swirl Iced Macchiato with Skim Milk, Medium",230,0.0,0.0,0.0,5,290,48,0,45,9,266.0
Iced Macchiato,"Butter Pecan Swirl Iced Macchiato with Skim Milk, Small",160,0.0,0.0,0.0,5,200,33,0,30,6,184.0
Iced Macchiato,"Butter Pecan Swirl Iced Macchiato with Whole Milk, Large",380,8.0,4.5,0.0,25,390,64,0,60,11,433.5
Iced Macchiato,"Butter Pecan Swirl Iced Macchiato with Whole Milk, Medium",280,6.0,3.5,0.0,20,300,48,0,45,8,320.5
Iced Macchiato,"Butter Pecan Swirl Iced Macchiato with Whole Milk, Small",190,4.0,2.5,0.0,15,200,32,0,30,6,216.5
Iced Tea,"Iced Green Tea Sweetened, Large",140,0.0,0.0,0.0,0,15,33,0,22,1,161.0
Iced Tea,"Iced Green Tea Sweetened, Medium",100,0.0,0.0,0.0,0,10,25,0,25,1,124.0
Iced Tea,"Iced Green Tea Sweetened, Small",70,0.0,0.0,0.0,0,10,16,0,16,1,85.0
Iced Tea,"Iced Green Tea Unsweetened, Large",5,0.0,0.0,0.0,0,15,0,0,0,1,4.0
Iced Tea,"Iced Green Tea Unsweetened, Medium",5,0.0,0.0,0.0,0,10,0,0,0,1,4.0
Iced Tea,"Iced Green Tea Unsweetened, Small",5,0.0,0.0,0.0,0,10,0,0,0,1,4.0
Iced Tea,"Iced Tea Sweetened, Large",140,0.0,0.0,0.0,0,25,35,0,33,0,173.0
Iced Tea,"Iced Tea Sweetened, Medium",100,0.0,0.0,0.0,0,20,26,0,25,0,125.0
Iced Tea,"Iced Tea Sweetened, Small",70,0.0,0.0,0.0,0,15,17,0,16,0,86.0
Iced Tea,"Iced Tea Sweetened Blueberry Flavored Tea, Large",150,0.0,0.0,0.0,0,25,38,0,33,0,183.0
Iced Tea,"Iced Tea Sweetened Blueberry Flavored Tea, Medium",110,0.0,0.0,0.0,0,20,28,0,25,0,135.0
Iced Tea,"Iced Tea Sweetened Blueberry Flavored Tea, Small",80,0.0,0.0,0.0,0,15,19,0,17,0,97.0
Iced Tea,"Iced Tea Sweetened Raspberry Flavored, Large",150,0.0,0.0,0.0,0,25,38,0,33,0,183.0
Iced Tea,"Iced Tea Sweetened Raspberry Flavored, Medium",110,0.0,0.0,0.0,0,20,29,0,25,0,135.0
Iced Tea,"Iced Tea Sweetened Raspberry Flavored, Small",80,0.0,0.0,0.0,0,15,19,0,17,0,97.0
Iced Tea,"Iced Tea Unsweetened, Large",5,0.0,0.0,0.0,0,25,2,0,0,0,5.0
Iced Tea,"Iced Tea Unsweetened, Medium",5,0.0,0.0,0.0,0,20,1,0,0,0,5.0
Iced Tea,"Iced Tea Unsweetened, Small",5,0.0,0.0,0.0,0,15,1,0,0,0,5.0
Iced Tea,"Iced Tea Unsweetened Blueberry Flavored Tea, Large",20,0.0,0.0,0.0,0,25,5,0,0,0,20.0
Iced Tea,"Iced Tea Unsweetened Blueberry Flavored Tea, Medium",15,0.0,0.0,0.0,0,20,3,0,0,0,15.0
Iced Tea,"Iced Tea Unsweetened Blueberry Flavored Tea, Small",10,0.0,0.0,0.0,0,15,2,0,0,0,10.0
Iced Tea,"Iced Tea Unsweetened Raspberry Flavored, Large",20,0.0,0.0,0.0,0,25,5,0,0,0,20.0
Iced Tea,"Iced Tea Unsweetened Raspberry Flavored, Medium",15,0.0,0.0,0.0,0,20,4,0,0,0,15.0
Iced Tea,"Iced Tea Unsweetened Raspberry Flavored, Small",10,0.0,0.0,0.0,0,15,3,0,0,0,10.0
Iced Tea,"Sweet Tea, Large",310,0.0,0.0,0.0,0,25,79,0,78,0,388.0
Iced Tea,"Sweet Tea, Medium",230,0.0,0.0,0.0,0,20,60,0,58,0,288.0
Iced Tea,"Sweet Tea, Small",150,0.0,0.0,0.0,0,15,40,0,39,0,189.0
Iced Tea,"Sweet Tea Blueberry Flavored, Large",330,0.0,0.0,0.0,0,30,86,0,81,0,411.0
Iced Tea,"Sweet Tea Blueberry Flavored, Medium",250,0.0,0.0,0.0,0,20,64,0,60,0,310.0
Iced Tea,"Sweet Tea Blueberry Flavored, Small",170,0.0,0.0,0.0,0,15,43,0,40,0,210.0
Iced Tea,"Sweet Tea Raspberry Flavored, Large",330,0.0,0.0,0.0,0,30,86,0,81,0,411.0
Iced Tea,"Sweet Tea Raspberry Flavored, Medium",250,0.0,0.0,0.0,0,20,65,0,60,0,310.0
Iced Tea,"Sweet Tea Raspberry Flavored, Small",170,0.0,0.0,0.0,0,15,43,0,40,0,210.0
Dunkin’ Refreshers,"Peach Passion Fruit Dunkin’ Refreshers, Large",180,0.0,0.0,0.0,0,20,43,0,39,1,218.0
Dunkin’ Refreshers,"Peach Passion Fruit Dunkin’ Refreshers, Medium",130,0.0,0.0,0.0,0,15,32,0,29,1,158.0
Dunkin’ Refreshers,"Peach Passion Fruit Dunkin’ Refreshers, Small",90,0.0,0.0,0.0,0,10,21,0,20,0,110.0
Dunkin’ Refreshers,"Strawberry Dragonfruit Dunkin’ Refreshers, Large",170,0.0,0.0,0.0,0,20,39,0,37,1,206.0
Dunkin’ Refreshers,"Strawberry Dragonfruit Dunkin’ Refreshers, Medium",130,0.0,0.0,0.0,0,15,29,0,27,1,156.0
Dunkin’ Refreshers,"Strawberry Dragonfruit Dunkin’ Refreshers, Small",80,0.0,0.0,0.0,0,10,19,0,18,0,98.0
Dunkin’ Refreshers,"Butter Pecan Swirl Frozen Chocolate, Large",900,17.0,13.0,0.0,40,570,175,1,162,12,1063.0
Dunkin’ Refreshers,"Butter Pecan Swirl Frozen Chocolate, Medium",700,14.0,10.0,0.0,30,430,134,1,124,9,825.0
Dunkin’ Refreshers,"Butter Pecan Swirl Frozen Chocolate, Small",500,11.0,8.0,0.0,25,290,95,1,87,6,589.0
Soft Serve,"Extra Thick Shake, Chocolate",610,20.0,13.0,0.5,70,320,92,3,85,19,689.0
Soft Serve,"Extra Thick Shake, Coffee",460,19.0,12.0,0.5,70,310,55,1,51,18,505.0
Soft Serve,"Extra Thick Shake, Vanilla",450,19.0,12.0,0.5,70,300,54,1,51,18,495.0
Soft Serve,Frozen Coffee Float,360,15.0,9.0,0.5,55,170,50,1,47,8,408.0
Soft Serve,M&M’s Mix-In,650,27.0,17.0,0.5,60,270,88,3,82,16,733.0
Soft Serve,OREO Mix-In,510,21.0,11.0,0.5,55,350,70,2,55,14,562.0
Soft Serve,Soft Serve Cone,260,9.0,6.0,0.0,35,160,35,1,27,9,284.0
Soft Serve,Strawberry Coolatta Float,420,12.0,8.0,0.0,50,210,68,1,64,11,481.0
